Index,FirstName,LastName
1,John,Smith
2,Emma,Johnson
3,Oliver,Williams
4,Ava,Brown
5,Liam,Jones
6,Sophia,Miller
7,Noah,Davis
8,Isabella,Garcia
9,Mason,Martinez
10,Mia,Anderson
11,Ethan,Taylor
12,Charlotte,Thomas
13,Logan,Moore
14,Amelia,Jackson
15,Lucas,White
16,Harper,Harris
17,Alexander,Clark
18,Evelyn,Lewis
19,James,Walker
20,Abigail,Hall
21,Benjamin,Allen
22,Ella,Young
23,Sebastian,Hernandez
24,Scarlett,King
25,Jackson,Lee
26,Victoria,Martin
27,Henry,Thompson
28,Grace,Lopez
29,Samuel,Hill
30,Lily,Scott
31,Jack,Green
32,Emily,Adams
33,Matthew,Baker
34,Zoey,Campbell
35,Joshua,Gonzalez
36,Stella,Nelson
37,Nathan,Mitchell
38,Hannah,Carter
39,David,Rogers
40,Mila,Reed
41,Andrew,Morgan
42,Chloe,Murphy
43,Daniel,Ross
44,Lillian,Foster
45,Jacob,Ortiz
46,Madison,Nguyen
47,Ryan,Morales
48,Aria,Bryant
49,Elijah,Price
50,Ellie,Hayes
51,Gabriel,Griffin
52,Ruby,Rivera