FirstName,LastName
John,Smith
Emma,Johnson
Oliver,Williams
Ava,Brown
Liam,Jones
Sophia,Miller
Noah,Davis
Isabella,Garcia
Mason,Martinez
Mia,Anderson
Ethan,Taylor
Charlotte,Thomas
Logan,Moore
Amelia,Jackson
Lucas,White
Harper,Harris
Alexander,Clark
Evelyn,Lewis
James,Walker
Abigail,Hall
Benjamin,Allen
Ella,Young
Sebastian,Hernandez
Scarlett,King
Jackson,Lee
Victoria,Martin
Henry,Thompson
Grace,Lopez
Samuel,Hill
Lily,Scott
Jack,Green
Emily,Adams
Matthew,Baker
Zoey,Campbell
Joshua,Gonzalez
Stella,Nelson
Nathan,Mitchell
Hannah,Carter
David,Rogers
Mila,Reed
Andrew,Morgan
Chloe,Murphy
Daniel,Ross
Lillian,Foster
Jacob,Ortiz
Madison,Nguyen
Ryan,Morales
Aria,Bryant
Elijah,Price
Ellie,Hayes
Gabriel,Griffin
Ruby,Rivera